{
  "penetration_rate": {
    "t_statistic": 62.36280297822984,
    "p_value": 1.0,
    "significant": false,
    "baseline_mean": 1.0,
    "rl_mean": 0.9444497997529958,
    "baseline_std": 0.0,
    "rl_std": 0.02816825878084795,
    "effect_size": 2.788949334534965,
    "alpha": 0.05,
    "n_baseline": 1000,
    "n_rl": 1000,
    "metric_name": "Penetration Rate",
    "alternative": "less"
  },
  "cost_exchange_ratio": {
    "t_statistic": 62.31772997873736,
    "p_value": 1.0,
    "significant": false,
    "baseline_mean": 28.571428571428566,
    "rl_mean": 27.013890383709214,
    "baseline_std": 7.108982738037452e-15,
    "rl_std": 0.7903638687680974,
    "effect_size": 2.7869336087186656,
    "alpha": 0.05,
    "n_baseline": 1000,
    "n_rl": 1000,
    "metric_name": "Cost-Exchange Ratio",
    "alternative": "less"
  },
  "total_cost": {
    "t_statistic": 2.637444434771631,
    "p_value": 0.9957909484951041,
    "significant": false,
    "baseline_mean": 300914000.0,
    "rl_mean": 287295760.0,
    "baseline_std": 115423954.59042847,
    "rl_std": 115491310.78522441,
    "effect_size": 0.11795010086055754,
    "alpha": 0.05,
    "n_baseline": 1000,
    "n_rl": 1000,
    "metric_name": "Total Cost",
    "alternative": "less"
  },
  "defense_cost": {
    "t_statistic": -34.72341190558388,
    "p_value": 2.0371632116249477e-207,
    "significant": true,
    "baseline_mean": 0.0,
    "rl_mean": 254760.0,
    "baseline_std": 0.0,
    "rl_std": 232011.14536067352,
    "effect_size": -1.5528781886322214,
    "alpha": 0.05,
    "n_baseline": 1000,
    "n_rl": 1000,
    "metric_name": "Defense Cost",
    "alternative": "less"
  },
  "penetration_cost": {
    "t_statistic": 2.6867241506491157,
    "p_value": 0.9963622796537145,
    "significant": false,
    "baseline_mean": 300914000.0,
    "rl_mean": 287041000.0,
    "baseline_std": 115423954.59042847,
    "rl_std": 115496436.0737843,
    "effect_size": 0.12015395675283616,
    "alpha": 0.05,
    "n_baseline": 1000,
    "n_rl": 1000,
    "metric_name": "Penetration Cost",
    "alternative": "less"
  },
  "uavs_destroyed": {
    "t_statistic": -212.8241374961394,
    "p_value": 1.0,
    "significant": false,
    "baseline_mean": 0.0,
    "rl_mean": 13.873,
    "baseline_std": 0.0,
    "rl_std": 2.061339399545868,
    "effect_size": -9.51778477388259,
    "alpha": 0.05,
    "n_baseline": 1000,
    "n_rl": 1000,
    "metric_name": "UAVs Destroyed",
    "alternative": "greater"
  },
  "uavs_penetrated": {
    "t_statistic": 2.6867241506491135,
    "p_value": 0.9963622796537145,
    "significant": false,
    "baseline_mean": 300.914,
    "rl_mean": 287.041,
    "baseline_std": 115.42395459042847,
    "rl_std": 115.49643607378431,
    "effect_size": 0.12015395675283608,
    "alpha": 0.05,
    "n_baseline": 1000,
    "n_rl": 1000,
    "metric_name": "UAVs Penetrated",
    "alternative": "less"
  },
  "kinetic_fired": {
    "t_statistic": -7.556610497089578,
    "p_value": 6.261084565250527e-14,
    "significant": true,
    "baseline_mean": 0.0,
    "rl_mean": 0.056,
    "baseline_std": 0.0,
    "rl_std": 0.2343478587888503,
    "effect_size": -0.3379418950196155,
    "alpha": 0.05,
    "n_baseline": 1000,
    "n_rl": 1000,
    "metric_name": "Kinetic Missiles Fired",
    "alternative": "two-sided"
  },
  "de_fired": {
    "t_statistic": -1779.552843956001,
    "p_value": 0.0,
    "significant": true,
    "baseline_mean": 0.0,
    "rl_mean": 19.876,
    "baseline_std": 0.0,
    "rl_std": 0.35319788893586096,
    "effect_size": -79.58402257277388,
    "alpha": 0.05,
    "n_baseline": 1000,
    "n_rl": 1000,
    "metric_name": "Directed Energy Fired",
    "alternative": "two-sided"
  }
}