{
  "penetration_rate": {
    "t_statistic": -59.49954132250588,
    "p_value": 0.0,
    "significant": true,
    "baseline_mean": 0.9439440487901327,
    "rl_mean": 0.9977704262536693,
    "baseline_std": 0.02841705500887874,
    "rl_std": 0.003296388521819433,
    "effect_size": -2.6609003805436178,
    "alpha": 0.05,
    "n_baseline": 1000,
    "n_rl": 1000,
    "metric_name": "Penetration Rate",
    "alternative": "less"
  },
  "cost_exchange_ratio": {
    "t_statistic": -61.16001076239601,
    "p_value": 0.0,
    "significant": true,
    "baseline_mean": 26.992675596350146,
    "rl_mean": 28.548216632881058,
    "baseline_std": 0.8016023891322391,
    "rl_std": 0.06572472182451022,
    "effect_size": -2.7351588313867246,
    "alpha": 0.05,
    "n_baseline": 1000,
    "n_rl": 1000,
    "metric_name": "Cost-Exchange Ratio",
    "alternative": "less"
  },
  "total_cost": {
    "t_statistic": -2.639691502405301,
    "p_value": 0.0041813465842283045,
    "significant": true,
    "baseline_mean": 287082000.0,
    "rl_mean": 300705360.0,
    "baseline_std": 115402668.30473138,
    "rl_std": 115402780.09096281,
    "effect_size": -0.11805059278013608,
    "alpha": 0.05,
    "n_baseline": 1000,
    "n_rl": 1000,
    "metric_name": "Total Cost",
    "alternative": "less"
  },
  "defense_cost": {
    "t_statistic": -8.268187728043026,
    "p_value": 1.224938369725412e-16,
    "significant": true,
    "baseline_mean": 200000.0,
    "rl_mean": 347360.0,
    "baseline_std": 0.0,
    "rl_std": 563597.7935308769,
    "effect_size": -0.36976459621267505,
    "alpha": 0.05,
    "n_baseline": 1000,
    "n_rl": 1000,
    "metric_name": "Defense Cost",
    "alternative": "less"
  },
  "penetration_cost": {
    "t_statistic": -2.610923442089388,
    "p_value": 0.004548672014997072,
    "significant": true,
    "baseline_mean": 286882000.0,
    "rl_mean": 300358000.0,
    "baseline_std": 115402668.30473138,
    "rl_std": 115421809.16113743,
    "effect_size": -0.11676404601119214,
    "alpha": 0.05,
    "n_baseline": 1000,
    "n_rl": 1000,
    "metric_name": "Penetration Cost",
    "alternative": "less"
  },
  "uavs_destroyed": {
    "t_statistic": 192.65720519498396,
    "p_value": 0.0,
    "significant": true,
    "baseline_mean": 14.032,
    "rl_mean": 0.556,
    "baseline_std": 2.0965140999696072,
    "rl_std": 0.7052385138103004,
    "effect_size": 8.615892143422197,
    "alpha": 0.05,
    "n_baseline": 1000,
    "n_rl": 1000,
    "metric_name": "UAVs Destroyed",
    "alternative": "greater"
  },
  "uavs_penetrated": {
    "t_statistic": -2.6109234420893874,
    "p_value": 0.004548672014997082,
    "significant": true,
    "baseline_mean": 286.882,
    "rl_mean": 300.358,
    "baseline_std": 115.40266830473138,
    "rl_std": 115.42180916113743,
    "effect_size": -0.11676404601119211,
    "alpha": 0.05,
    "n_baseline": 1000,
    "n_rl": 1000,
    "metric_name": "UAVs Penetrated",
    "alternative": "less"
  },
  "kinetic_fired": {
    "t_statistic": -19.29110862980191,
    "p_value": 3.522613257300527e-76,
    "significant": true,
    "baseline_mean": 0.0,
    "rl_mean": 0.344,
    "baseline_std": 0.0,
    "rl_std": 0.5638989111374325,
    "effect_size": -0.8627246051513979,
    "alpha": 0.05,
    "n_baseline": 1000,
    "n_rl": 1000,
    "metric_name": "Kinetic Missiles Fired",
    "alternative": "two-sided"
  },
  "de_fired": {
    "t_statistic": 1090.0425553522946,
    "p_value": 0.0,
    "significant": true,
    "baseline_mean": 20.0,
    "rl_mean": 0.336,
    "baseline_std": 0.0,
    "rl_std": 0.570464222742697,
    "effect_size": 48.74818504270617,
    "alpha": 0.05,
    "n_baseline": 1000,
    "n_rl": 1000,
    "metric_name": "Directed Energy Fired",
    "alternative": "two-sided"
  }
}