{
  "penetration_rate": {
    "t_statistic": -0.3997088734747653,
    "p_value": 0.3447068399995694,
    "significant": false,
    "baseline_mean": 0.9439440487901327,
    "rl_mean": 0.9444497997529958,
    "baseline_std": 0.02841705500887874,
    "rl_std": 0.02816825878084795,
    "effect_size": -0.017875524245988757,
    "alpha": 0.05,
    "n_baseline": 1000,
    "n_rl": 1000,
    "metric_name": "Penetration Rate",
    "alternative": "less"
  },
  "cost_exchange_ratio": {
    "t_statistic": -0.5959488701345153,
    "p_value": 0.2756384437781281,
    "significant": false,
    "baseline_mean": 26.992675596350146,
    "rl_mean": 27.013890383709214,
    "baseline_std": 0.8016023891322391,
    "rl_std": 0.7903638687680974,
    "effect_size": -0.026651643694699415,
    "alpha": 0.05,
    "n_baseline": 1000,
    "n_rl": 1000,
    "metric_name": "Cost-Exchange Ratio",
    "alternative": "less"
  },
  "total_cost": {
    "t_statistic": -0.04140271284077338,
    "p_value": 0.48348949342735226,
    "significant": false,
    "baseline_mean": 287082000.0,
    "rl_mean": 287295760.0,
    "baseline_std": 115402668.30473138,
    "rl_std": 115491310.78522441,
    "effect_size": -0.0018515856072974543,
    "alpha": 0.05,
    "n_baseline": 1000,
    "n_rl": 1000,
    "metric_name": "Total Cost",
    "alternative": "less"
  },
  "defense_cost": {
    "t_statistic": -7.463707159482546,
    "p_value": 6.242594959818503e-14,
    "significant": true,
    "baseline_mean": 200000.0,
    "rl_mean": 254760.0,
    "baseline_std": 0.0,
    "rl_std": 232011.14536067352,
    "effect_size": -0.33378713145509675,
    "alpha": 0.05,
    "n_baseline": 1000,
    "n_rl": 1000,
    "metric_name": "Defense Cost",
    "alternative": "less"
  },
  "penetration_cost": {
    "t_statistic": -0.030795682821095467,
    "p_value": 0.4877177795810042,
    "significant": false,
    "baseline_mean": 286882000.0,
    "rl_mean": 287041000.0,
    "baseline_std": 115402668.30473138,
    "rl_std": 115496436.0737843,
    "effect_size": -0.001377224804029839,
    "alpha": 0.05,
    "n_baseline": 1000,
    "n_rl": 1000,
    "metric_name": "Penetration Cost",
    "alternative": "less"
  },
  "uavs_destroyed": {
    "t_statistic": 1.710123199793643,
    "p_value": 0.043699173494527635,
    "significant": true,
    "baseline_mean": 14.032,
    "rl_mean": 13.873,
    "baseline_std": 2.0965140999696072,
    "rl_std": 2.061339399545868,
    "effect_size": 0.0764790344927608,
    "alpha": 0.05,
    "n_baseline": 1000,
    "n_rl": 1000,
    "metric_name": "UAVs Destroyed",
    "alternative": "greater"
  },
  "uavs_penetrated": {
    "t_statistic": -0.03079568282109388,
    "p_value": 0.4877177795810048,
    "significant": false,
    "baseline_mean": 286.882,
    "rl_mean": 287.041,
    "baseline_std": 115.40266830473138,
    "rl_std": 115.49643607378431,
    "effect_size": -0.0013772248040297681,
    "alpha": 0.05,
    "n_baseline": 1000,
    "n_rl": 1000,
    "metric_name": "UAVs Penetrated",
    "alternative": "less"
  },
  "kinetic_fired": {
    "t_statistic": -7.556610497089578,
    "p_value": 6.26108456525052e-14,
    "significant": true,
    "baseline_mean": 0.0,
    "rl_mean": 0.056,
    "baseline_std": 0.0,
    "rl_std": 0.2343478587888503,
    "effect_size": -0.3379418950196155,
    "alpha": 0.05,
    "n_baseline": 1000,
    "n_rl": 1000,
    "metric_name": "Kinetic Missiles Fired",
    "alternative": "two-sided"
  },
  "de_fired": {
    "t_statistic": 11.10206040705081,
    "p_value": 7.842947554087451e-28,
    "significant": true,
    "baseline_mean": 20.0,
    "rl_mean": 19.876,
    "baseline_std": 0.0,
    "rl_std": 0.35319788893586096,
    "effect_size": 0.496499235209492,
    "alpha": 0.05,
    "n_baseline": 1000,
    "n_rl": 1000,
    "metric_name": "Directed Energy Fired",
    "alternative": "two-sided"
  }
}