{
  "penetration_rate": {
    "t_statistic": -7.140151720291382,
    "p_value": 8.661836863698374e-12,
    "significant": true,
    "baseline_mean": 0.570177774008144,
    "rl_mean": 0.7270326423371907,
    "baseline_std": 0.17515681839932953,
    "rl_std": 0.13258733275117654,
    "effect_size": -1.0097699400237659,
    "alpha": 0.05,
    "n_baseline": 100,
    "n_rl": 100,
    "metric_name": "Penetration Rate",
    "alternative": "less"
  },
  "cost_exchange_ratio": {
    "t_statistic": 2.2504177465628445,
    "p_value": 0.9872389698974903,
    "significant": false,
    "baseline_mean": 21.952020812941118,
    "rl_mean": 20.943762918938596,
    "baseline_std": 2.506056728014983,
    "rl_std": 3.7138788909850176,
    "effect_size": 0.3182571298194274,
    "alpha": 0.05,
    "n_baseline": 100,
    "n_rl": 100,
    "metric_name": "Cost-Exchange Ratio",
    "alternative": "less"
  },
  "total_cost": {
    "t_statistic": 0.41185285328463406,
    "p_value": 0.6595536077884379,
    "significant": false,
    "baseline_mean": 245530000.0,
    "rl_mean": 238850000.0,
    "baseline_std": 113117571.35606718,
    "rl_std": 116237946.04607439,
    "effect_size": 0.058244789081718595,
    "alpha": 0.05,
    "n_baseline": 100,
    "n_rl": 100,
    "metric_name": "Total Cost",
    "alternative": "less"
  },
  "defense_cost": {
    "t_statistic": 705.3412388042362,
    "p_value": 1.0,
    "significant": false,
    "baseline_mean": 51000000.0,
    "rl_mean": 1560000.0,
    "baseline_std": 0.0,
    "rl_std": 700937.3233842889,
    "effect_size": 99.7503146017991,
    "alpha": 0.05,
    "n_baseline": 100,
    "n_rl": 100,
    "metric_name": "Defense Cost",
    "alternative": "less"
  },
  "penetration_cost": {
    "t_statistic": -2.6369986621488124,
    "p_value": 0.004514068182605979,
    "significant": true,
    "baseline_mean": 194530000.0,
    "rl_mean": 237290000.0,
    "baseline_std": 113117571.35606718,
    "rl_std": 116182397.09155339,
    "effect_size": -0.3729279271970558,
    "alpha": 0.05,
    "n_baseline": 100,
    "n_rl": 100,
    "metric_name": "Penetration Cost",
    "alternative": "less"
  },
  "uavs_destroyed": {
    "t_statistic": 45.84858929399261,
    "p_value": 1.0676491083576013e-107,
    "significant": true,
    "baseline_mean": 112.89,
    "rl_mean": 70.13,
    "baseline_std": 8.136332035376812,
    "rl_std": 4.558608240560829,
    "effect_size": 6.483969679523825,
    "alpha": 0.05,
    "n_baseline": 100,
    "n_rl": 100,
    "metric_name": "UAVs Destroyed",
    "alternative": "greater"
  },
  "uavs_penetrated": {
    "t_statistic": -2.636998662148812,
    "p_value": 0.0045140681826059915,
    "significant": true,
    "baseline_mean": 194.53,
    "rl_mean": 237.29,
    "baseline_std": 113.11757135606717,
    "rl_std": 116.1823970915534,
    "effect_size": -0.3729279271970557,
    "alpha": 0.05,
    "n_baseline": 100,
    "n_rl": 100,
    "metric_name": "UAVs Penetrated",
    "alternative": "less"
  },
  "kinetic_fired": {
    "t_statistic": 705.3412388042362,
    "p_value": 0.0,
    "significant": true,
    "baseline_mean": 50.0,
    "rl_mean": 0.56,
    "baseline_std": 0.0,
    "rl_std": 0.7009373233842889,
    "effect_size": 99.75031460179909,
    "alpha": 0.05,
    "n_baseline": 100,
    "n_rl": 100,
    "metric_name": "Kinetic Missiles Fired",
    "alternative": "two-sided"
  },
  "de_fired": {
    "t_statistic": NaN,
    "p_value": NaN,
    "significant": false,
    "baseline_mean": 100.0,
    "rl_mean": 100.0,
    "baseline_std": 0.0,
    "rl_std": 0.0,
    "effect_size": 0.0,
    "alpha": 0.05,
    "n_baseline": 100,
    "n_rl": 100,
    "metric_name": "Directed Energy Fired",
    "alternative": "two-sided"
  }
}