{
  "penetration_rate": {
    "t_statistic": -43.89010458902734,
    "p_value": 2.803502890331304e-104,
    "significant": true,
    "baseline_mean": 0.3048161185889866,
    "rl_mean": 0.6999554598717909,
    "baseline_std": 0.047530747344012705,
    "rl_std": 0.07645975929510664,
    "effect_size": -6.206998116377609,
    "alpha": 0.05,
    "n_baseline": 100,
    "n_rl": 100,
    "metric_name": "Penetration Rate",
    "alternative": "less"
  },
  "cost_exchange_ratio": {
    "t_statistic": -8.709942317184206,
    "p_value": 6.016187879599419e-16,
    "significant": true,
    "baseline_mean": 24.78737267048573,
    "rl_mean": 29.31748688209887,
    "baseline_std": 5.163474857792407,
    "rl_std": 0.62434185537105,
    "effect_size": -1.2317718552449248,
    "alpha": 0.05,
    "n_baseline": 100,
    "n_rl": 100,
    "metric_name": "Cost-Exchange Ratio",
    "alternative": "less"
  },
  "total_cost": {
    "t_statistic": -6.580226117469186,
    "p_value": 2.0532130328132933e-10,
    "significant": true,
    "baseline_mean": 81970000.0,
    "rl_mean": 102837500.0,
    "baseline_std": 9827250.301322771,
    "rl_std": 30151347.437100176,
    "effect_size": -0.9305845018806578,
    "alpha": 0.05,
    "n_baseline": 100,
    "n_rl": 100,
    "metric_name": "Total Cost",
    "alternative": "less"
  },
  "defense_cost": {
    "t_statistic": 11.28684599333196,
    "p_value": 1.0,
    "significant": false,
    "baseline_mean": 51500000.0,
    "rl_mean": 34457500.0,
    "baseline_std": 0.0,
    "rl_std": 15099435.22758117,
    "effect_size": 1.596201068018649,
    "alpha": 0.05,
    "n_baseline": 100,
    "n_rl": 100,
    "metric_name": "Defense Cost",
    "alternative": "less"
  },
  "penetration_cost": {
    "t_statistic": -20.385759289039154,
    "p_value": 8.058826935107082e-51,
    "significant": true,
    "baseline_mean": 30470000.0,
    "rl_mean": 68380000.0,
    "baseline_std": 9827250.301322771,
    "rl_std": 15787592.622312017,
    "effect_size": -2.882981726583247,
    "alpha": 0.05,
    "n_baseline": 100,
    "n_rl": 100,
    "metric_name": "Penetration Cost",
    "alternative": "less"
  },
  "uavs_destroyed": {
    "t_statistic": 15.704735828387085,
    "p_value": 6.243215399275835e-37,
    "significant": true,
    "baseline_mean": 69.43,
    "rl_mean": 31.52,
    "baseline_std": 20.070710857950058,
    "rl_std": 13.411498157487209,
    "effect_size": 2.220985040199168,
    "alpha": 0.05,
    "n_baseline": 100,
    "n_rl": 100,
    "metric_name": "UAVs Destroyed",
    "alternative": "greater"
  },
  "uavs_penetrated": {
    "t_statistic": -20.38575928903915,
    "p_value": 8.058826935107193e-51,
    "significant": true,
    "baseline_mean": 30.47,
    "rl_mean": 68.38,
    "baseline_std": 9.82725030132277,
    "rl_std": 15.787592622312014,
    "effect_size": -2.882981726583248,
    "alpha": 0.05,
    "n_baseline": 100,
    "n_rl": 100,
    "metric_name": "UAVs Penetrated",
    "alternative": "less"
  },
  "kinetic_fired": {
    "t_statistic": 10.298067990613719,
    "p_value": 3.43621628822551e-20,
    "significant": true,
    "baseline_mean": 50.0,
    "rl_mean": 34.45,
    "baseline_std": 0.0,
    "rl_std": 15.099919726858674,
    "effect_size": 1.4563667418566169,
    "alpha": 0.05,
    "n_baseline": 100,
    "n_rl": 100,
    "metric_name": "Kinetic Missiles Fired",
    "alternative": "two-sided"
  },
  "de_fired": {
    "t_statistic": 1845.4915062426862,
    "p_value": 0.0,
    "significant": true,
    "baseline_mean": 150.0,
    "rl_mean": 0.75,
    "baseline_std": 0.0,
    "rl_std": 0.8087276451565163,
    "effect_size": 260.99191173727587,
    "alpha": 0.05,
    "n_baseline": 100,
    "n_rl": 100,
    "metric_name": "Directed Energy Fired",
    "alternative": "two-sided"
  }
}